id_recomendacion,id_solicitud,id_trabajador,score_relevancia,distancia_km,motivo_top,precio_estimado,precio_propuesto,explicacion,es_asignado
1,31,10,0.26,0.2,calificacion,278930,317178,Recomendado por calificacion; exp 5 años; distancia 0.2 km; rating 3.67,False
2,50,168,0.754,2.72,calificacion,85889,83303,Recomendado por calificacion; exp 0 años; distancia 2.72 km; rating 4.33,False
3,44,211,0.208,2.67,tarifa,165807,126821,Recomendado por tarifa; exp 12 años; distancia 2.67 km; rating 4.73,False
4,171,212,0.627,4.21,experiencia,111371,118239,Recomendado por experiencia; exp 3 años; distancia 4.21 km; rating 3.75,False
5,22,48,0.309,1.49,tarifa,125261,134015,Recomendado por tarifa; exp 0 años; distancia 1.49 km; rating 4.81,True
6,1,117,0.421,2.72,cercania,164500,202293,Recomendado por cercania; exp 0 años; distancia 2.72 km; rating 4.5,False
7,119,32,0.721,3.65,experiencia,108446,116328,Recomendado por experiencia; exp 8 años; distancia 3.65 km; rating 5,False
8,161,1,0.307,3.37,calificacion,287808,161633,Recomendado por calificacion; exp 2 años; distancia 3.37 km; rating 4.2,False
9,64,117,0.776,4.5,experiencia,90912,63103,Recomendado por experiencia; exp 0 años; distancia 4.5 km; rating 4.5,False
10,34,97,0.202,5.96,experiencia,112078,126495,Recomendado por experiencia; exp 5 años; distancia 5.96 km; rating 4.2,False
11,106,106,0.296,3.81,calificacion,182843,151470,Recomendado por calificacion; exp 8 años; distancia 3.81 km; rating 4.38,False
12,113,74,0.423,4.57,tarifa,261129,294674,Recomendado por tarifa; exp 5 años; distancia 4.57 km; rating 4.82,False
13,176,58,0.33,6.69,experiencia,166996,185116,Recomendado por experiencia; exp 3 años; distancia 6.69 km; rating 4.26,False
14,112,115,0.278,1.16,calificacion,144542,101108,Recomendado por calificacion; exp 8 años; distancia 1.16 km; rating 3.76,False
15,129,116,0.118,4.71,experiencia,287808,175622,Recomendado por experiencia; exp 7 años; distancia 4.71 km; rating 3.45,False
16,120,49,0.552,3.97,experiencia,285022,291945,Recomendado por experiencia; exp 8 años; distancia 3.97 km; rating 3.63,False
17,120,133,0.572,1.86,cercania,285022,367320,Recomendado por cercania; exp 7 años; distancia 1.86 km; rating 3.94,False
18,27,154,0.164,0.28,tarifa,178477,252846,Recomendado por tarifa; exp 7 años; distancia 0.28 km; rating 3.81,False
19,166,26,0.204,3.72,experiencia,293353,357077,Recomendado por experiencia; exp 4 años; distancia 3.72 km; rating 3.52,False
20,113,189,0.358,0.48,tarifa,261129,284239,Recomendado por tarifa; exp 5 años; distancia 0.48 km; rating 3.74,False
21,63,92,0.481,2.55,tarifa,147350,98115,Recomendado por tarifa; exp 1 años; distancia 2.55 km; rating 4.09,False
22,60,194,0.318,4.64,tarifa,187686,218679,Recomendado por tarifa; exp 3 años; distancia 4.64 km; rating 4.36,False
23,42,119,0.615,3.85,experiencia,125999,149042,Recomendado por experiencia; exp 9 años; distancia 3.85 km; rating 4.91,False
24,146,45,0.831,4.23,cercania,253654,295240,Recomendado por cercania; exp 4 años; distancia 4.23 km; rating 4.57,False
25,37,118,0.164,1.84,experiencia,73907,76756,Recomendado por experiencia; exp 4 años; distancia 1.84 km; rating 4.6,False
26,45,104,0.728,2.55,tarifa,169839,195211,Recomendado por tarifa; exp 6 años; distancia 2.55 km; rating 3.89,True
27,63,72,0.36,1.46,tarifa,147350,82043,Recomendado por tarifa; exp 9 años; distancia 1.46 km; rating 3.93,True
28,26,177,0.264,1.1,tarifa,299500,276416,Recomendado por tarifa; exp 8 años; distancia 1.1 km; rating 4.28,False
29,119,78,0.211,3.07,experiencia,108446,96317,Recomendado por experiencia; exp 5 años; distancia 3.07 km; rating 3.67,False
30,84,96,0.486,4.37,tarifa,125865,79738,Recomendado por tarifa; exp 3 años; distancia 4.37 km; rating 5,False
31,89,164,0.154,0.44,experiencia,82335,34536,Recomendado por experiencia; exp 4 años; distancia 0.44 km; rating 4.77,False
32,95,123,0.571,1.01,tarifa,139325,194108,Recomendado por tarifa; exp 6 años; distancia 1.01 km; rating 4.67,False
33,166,48,0.338,3.83,tarifa,293353,329452,Recomendado por tarifa; exp 0 años; distancia 3.83 km; rating 4.81,True
34,99,209,0.371,3.49,tarifa,159316,179910,Recomendado por tarifa; exp 8 años; distancia 3.49 km; rating 4.22,True
35,108,39,0.754,4.57,tarifa,293353,388431,Recomendado por tarifa; exp 11 años; distancia 4.57 km; rating 4.84,False
36,89,37,0.761,1.86,experiencia,82335,64937,Recomendado por experiencia; exp 7 años; distancia 1.86 km; rating 5,False
37,148,119,0.514,1.36,tarifa,184088,217845,Recomendado por tarifa; exp 9 años; distancia 1.36 km; rating 4.91,False
38,14,104,0.138,0.2,tarifa,145931,173203,Recomendado por tarifa; exp 6 años; distancia 0.2 km; rating 3.89,False
39,122,100,0.219,5.98,experiencia,93036,41470,Recomendado por experiencia; exp 1 años; distancia 5.98 km; rating 5,False
40,137,173,0.208,0.77,calificacion,139129,173976,Recomendado por calificacion; exp 10 años; distancia 0.77 km; rating 4.25,False
41,152,43,0.678,4.18,tarifa,88868,127357,Recomendado por tarifa; exp 7 años; distancia 4.18 km; rating 4.68,False
42,119,83,0.369,6.9,cercania,108446,121960,Recomendado por cercania; exp 5 años; distancia 6.9 km; rating 4.17,False
43,176,123,0.41,2.97,cercania,166996,204874,Recomendado por cercania; exp 6 años; distancia 2.97 km; rating 4.67,False
44,46,89,0.444,2.77,cercania,94563,98042,Recomendado por cercania; exp 4 años; distancia 2.77 km; rating 4.92,False
45,92,28,0.21,1.03,cercania,170973,162591,Recomendado por cercania; exp 4 años; distancia 1.03 km; rating 3.95,True
46,38,154,0.323,1.22,tarifa,150516,153787,Recomendado por tarifa; exp 7 años; distancia 1.22 km; rating 3.81,False
47,63,197,0.343,2.48,cercania,147350,142888,Recomendado por cercania; exp 2 años; distancia 2.48 km; rating 3.75,True
48,164,22,0.166,1.13,calificacion,154752,228002,Recomendado por calificacion; exp 0 años; distancia 1.13 km; rating 4.21,False
49,6,42,0.576,4.47,cercania,184088,173205,Recomendado por cercania; exp 9 años; distancia 4.47 km; rating 4.16,False
50,111,68,0.892,3.7,experiencia,134051,92086,Recomendado por experiencia; exp 3 años; distancia 3.7 km; rating 4.83,False
51,13,150,0.752,1.75,calificacion,182843,168692,Recomendado por calificacion; exp 11 años; distancia 1.75 km; rating 3.81,False
52,48,78,0.384,2.39,experiencia,565792,565366,Recomendado por experiencia; exp 5 años; distancia 2.39 km; rating 3.67,False
53,70,1,0.446,2.68,experiencia,250499,257203,Recomendado por experiencia; exp 2 años; distancia 2.68 km; rating 4.2,False
54,119,102,0.691,4.17,experiencia,108446,119536,Recomendado por experiencia; exp 7 años; distancia 4.17 km; rating 5,True
55,74,190,0.528,2.11,calificacion,164500,89648,Recomendado por calificacion; exp 10 años; distancia 2.11 km; rating 3.92,False
56,122,183,0.31,4.82,tarifa,93036,94710,Recomendado por tarifa; exp 3 años; distancia 4.82 km; rating 3.65,True
57,128,36,0.376,1.8,tarifa,154752,150000,Recomendado por tarifa; exp 7 años; distancia 1.8 km; rating 3.86,True
58,147,16,0.383,1.26,experiencia,192484,147085,Recomendado por experiencia; exp 2 años; distancia 1.26 km; rating 4.54,False
59,136,86,0.386,1.89,tarifa,79204,110331,Recomendado por tarifa; exp 1 años; distancia 1.89 km; rating 3.41,True
60,160,133,0.419,3.93,cercania,293353,352491,Recomendado por cercania; exp 7 años; distancia 3.93 km; rating 3.94,False
61,73,218,0.385,2.77,experiencia,145931,35667,Recomendado por experiencia; exp 5 años; distancia 2.77 km; rating 3.74,False
62,32,13,0.239,1.91,calificacion,178304,197014,Recomendado por calificacion; exp 1 años; distancia 1.91 km; rating 4.55,True
63,41,145,0.306,1.23,calificacion,112078,104001,Recomendado por calificacion; exp 0 años; distancia 1.23 km; rating 4.71,False
64,93,142,0.668,6.27,calificacion,250499,330702,Recomendado por calificacion; exp 3 años; distancia 6.27 km; rating 3.3,False
65,137,76,0.649,3.32,calificacion,139129,174081,Recomendado por calificacion; exp 7 años; distancia 3.32 km; rating 3.73,False
66,116,39,0.386,4.11,calificacion,278930,258865,Recomendado por calificacion; exp 11 años; distancia 4.11 km; rating 4.84,False
67,168,58,0.566,2.63,tarifa,93036,83368,Recomendado por tarifa; exp 3 años; distancia 2.63 km; rating 4.26,False
68,106,101,0.25,1.18,cercania,182843,134845,Recomendado por cercania; exp 12 años; distancia 1.18 km; rating 4.72,False
69,105,5,0.54,2.31,tarifa,125999,147283,Recomendado por tarifa; exp 2 años; distancia 2.31 km; rating 4.15,False
70,95,14,0.64,2.82,experiencia,139325,67168,Recomendado por experiencia; exp 5 años; distancia 2.82 km; rating 4.47,False
71,42,97,0.206,0.23,experiencia,125999,173052,Recomendado por experiencia; exp 5 años; distancia 0.23 km; rating 4.2,False
72,76,19,0.473,4.07,experiencia,277058,248014,Recomendado por experiencia; exp 9 años; distancia 4.07 km; rating 4.4,False
73,114,107,0.471,4.55,cercania,154411,55201,Recomendado por cercania; exp 6 años; distancia 4.55 km; rating 4.22,False
74,85,89,0.269,3.1,cercania,134051,187649,Recomendado por cercania; exp 4 años; distancia 3.1 km; rating 4.92,False
75,105,209,0.37,0.76,tarifa,125999,121600,Recomendado por tarifa; exp 8 años; distancia 0.76 km; rating 4.22,False
76,138,13,0.869,2.42,cercania,184088,122638,Recomendado por cercania; exp 1 años; distancia 2.42 km; rating 4.55,False
77,16,120,0.688,4.42,cercania,154876,87577,Recomendado por cercania; exp 8 años; distancia 4.42 km; rating 4.91,False
78,131,160,0.304,2.07,calificacion,143669,151688,Recomendado por calificacion; exp 7 años; distancia 2.07 km; rating 5,False
79,149,40,0.587,2.67,experiencia,149825,114590,Recomendado por experiencia; exp 12 años; distancia 2.67 km; rating 3.84,False
80,124,36,0.62,2.84,tarifa,154438,188850,Recomendado por tarifa; exp 7 años; distancia 2.84 km; rating 3.86,False
81,126,86,0.583,3.08,calificacion,188576,145449,Recomendado por calificacion; exp 1 años; distancia 3.08 km; rating 3.41,False
82,180,59,0.609,0.56,experiencia,171848,147854,Recomendado por experiencia; exp 10 años; distancia 0.56 km; rating 3.99,False
83,7,42,0.606,4.88,calificacion,79204,61769,Recomendado por calificacion; exp 9 años; distancia 4.88 km; rating 4.16,False
84,41,97,0.309,0.87,experiencia,112078,116743,Recomendado por experiencia; exp 5 años; distancia 0.87 km; rating 4.2,True
85,75,90,0.804,2.93,calificacion,164500,194048,Recomendado por calificacion; exp 2 años; distancia 2.93 km; rating 4.76,True
86,4,79,0.731,1.43,tarifa,230794,282624,Recomendado por tarifa; exp 6 años; distancia 1.43 km; rating 4.24,False
87,44,145,0.508,1.35,calificacion,165807,122485,Recomendado por calificacion; exp 0 años; distancia 1.35 km; rating 4.71,False
88,125,74,0.507,4.58,tarifa,125865,99675,Recomendado por tarifa; exp 5 años; distancia 4.58 km; rating 4.82,True
89,17,100,0.329,3.21,cercania,111371,130068,Recomendado por cercania; exp 1 años; distancia 3.21 km; rating 5,False
90,92,186,0.773,1.27,experiencia,170973,194836,Recomendado por experiencia; exp 5 años; distancia 1.27 km; rating 4.5,False
91,94,170,0.8,5.75,cercania,79204,84896,Recomendado por cercania; exp 5 años; distancia 5.75 km; rating 4.82,False
92,137,209,0.84,2.78,cercania,139129,68625,Recomendado por cercania; exp 8 años; distancia 2.78 km; rating 4.22,False
93,134,71,0.255,3.12,experiencia,343484,496811,Recomendado por experiencia; exp 5 años; distancia 3.12 km; rating 3.76,False
94,117,30,0.435,5.65,cercania,92894,100855,Recomendado por cercania; exp 7 años; distancia 5.65 km; rating 3.73,False
95,17,45,0.334,2.3,tarifa,111371,109977,Recomendado por tarifa; exp 4 años; distancia 2.3 km; rating 4.57,False
96,138,210,0.639,3.34,experiencia,184088,144540,Recomendado por experiencia; exp 0 años; distancia 3.34 km; rating 4.69,False
97,114,57,0.518,2.09,tarifa,154411,157067,Recomendado por tarifa; exp 1 años; distancia 2.09 km; rating 3.79,False
98,3,182,0.602,0.92,tarifa,338776,417271,Recomendado por tarifa; exp 7 años; distancia 0.92 km; rating 4.13,False
99,50,149,0.454,3.95,cercania,85889,58046,Recomendado por cercania; exp 5 años; distancia 3.95 km; rating 4.17,False
100,105,136,0.345,2.63,tarifa,125999,170109,Recomendado por tarifa; exp 6 años; distancia 2.63 km; rating 3.7,False
101,166,61,0.429,2.78,calificacion,293353,383392,Recomendado por calificacion; exp 11 años; distancia 2.78 km; rating 4.59,False
102,29,48,0.844,1.25,tarifa,130893,133129,Recomendado por tarifa; exp 0 años; distancia 1.25 km; rating 4.81,False
103,46,28,0.206,3.2,tarifa,94563,59292,Recomendado por tarifa; exp 4 años; distancia 3.2 km; rating 3.95,False
104,176,205,0.284,3.58,experiencia,166996,142405,Recomendado por experiencia; exp 6 años; distancia 3.58 km; rating 4.94,False
105,129,61,0.238,1.95,calificacion,287808,367851,Recomendado por calificacion; exp 11 años; distancia 1.95 km; rating 4.59,False
106,54,149,0.273,2.17,tarifa,92894,74776,Recomendado por tarifa; exp 5 años; distancia 2.17 km; rating 4.17,False
107,41,74,0.514,1.9,tarifa,112078,142108,Recomendado por tarifa; exp 5 años; distancia 1.9 km; rating 4.82,False
108,69,84,0.719,5.06,calificacion,163243,144353,Recomendado por calificacion; exp 14 años; distancia 5.06 km; rating 4.39,False
109,79,107,0.372,2.45,calificacion,230794,123472,Recomendado por calificacion; exp 6 años; distancia 2.45 km; rating 4.22,False
110,101,143,0.1,7.74,tarifa,343484,350742,Recomendado por tarifa; exp 9 años; distancia 7.74 km; rating 3.09,False
111,36,162,0.691,3.04,experiencia,155752,148072,Recomendado por experiencia; exp 5 años; distancia 3.04 km; rating 4.62,False
112,66,124,0.479,3.22,tarifa,154411,147071,Recomendado por tarifa; exp 1 años; distancia 3.22 km; rating 4.45,False
113,144,80,0.499,3.81,calificacion,187686,125502,Recomendado por calificacion; exp 8 años; distancia 3.81 km; rating 4.81,True
114,63,74,0.689,1.96,tarifa,147350,184810,Recomendado por tarifa; exp 5 años; distancia 1.96 km; rating 4.82,False
115,12,212,0.562,0.91,experiencia,73907,103744,Recomendado por experiencia; exp 3 años; distancia 0.91 km; rating 3.75,False
116,156,211,0.637,2.35,calificacion,144732,156564,Recomendado por calificacion; exp 12 años; distancia 2.35 km; rating 4.73,False
117,113,99,0.598,3.82,calificacion,261129,283650,Recomendado por calificacion; exp 8 años; distancia 3.82 km; rating 3.35,False
118,106,82,0.517,4.88,cercania,182843,139408,Recomendado por cercania; exp 0 años; distancia 4.88 km; rating 4.27,False
119,84,217,0.449,3.12,calificacion,125865,101486,Recomendado por calificacion; exp 4 años; distancia 3.12 km; rating 3.14,False
120,36,43,0.658,5.13,calificacion,155752,111940,Recomendado por calificacion; exp 7 años; distancia 5.13 km; rating 4.68,False
121,115,58,0.466,3.9,calificacion,147798,185824,Recomendado por calificacion; exp 3 años; distancia 3.9 km; rating 4.26,False
122,67,107,0.197,0.7,tarifa,187686,121629,Recomendado por tarifa; exp 6 años; distancia 0.7 km; rating 4.22,False
123,125,38,0.777,3.35,calificacion,125865,116197,Recomendado por calificacion; exp 9 años; distancia 3.35 km; rating 3.31,True
124,112,17,0.299,6.93,tarifa,144542,126188,Recomendado por tarifa; exp 7 años; distancia 6.93 km; rating 4.47,False
125,86,15,0.828,2.75,cercania,164276,111516,Recomendado por cercania; exp 5 años; distancia 2.75 km; rating 4.04,False
126,132,29,0.469,0.99,experiencia,542500,474197,Recomendado por experiencia; exp 0 años; distancia 0.99 km; rating 3.05,False
127,176,158,0.766,3.92,experiencia,166996,124423,Recomendado por experiencia; exp 3 años; distancia 3.92 km; rating 4.26,False
128,19,79,0.506,1.91,tarifa,170973,139774,Recomendado por tarifa; exp 6 años; distancia 1.91 km; rating 4.24,False
129,103,94,0.131,6.75,experiencia,141149,143792,Recomendado por experiencia; exp 10 años; distancia 6.75 km; rating 5,False
130,39,80,0.703,4.63,tarifa,80352,59377,Recomendado por tarifa; exp 8 años; distancia 4.63 km; rating 4.81,False
131,52,208,0.53,6.77,experiencia,165807,126175,Recomendado por experiencia; exp 7 años; distancia 6.77 km; rating 3.91,False
132,38,55,0.553,2.67,cercania,150516,166712,Recomendado por cercania; exp 3 años; distancia 2.67 km; rating 4.5,False
133,139,118,0.367,4.71,experiencia,94563,88645,Recomendado por experiencia; exp 4 años; distancia 4.71 km; rating 4.6,False
134,52,125,0.282,6.18,experiencia,165807,274622,Recomendado por experiencia; exp 8 años; distancia 6.18 km; rating 4.8,False
135,7,22,0.149,6.46,tarifa,79204,46108,Recomendado por tarifa; exp 0 años; distancia 6.46 km; rating 4.21,True
136,54,90,0.288,5.05,tarifa,92894,100487,Recomendado por tarifa; exp 2 años; distancia 5.05 km; rating 4.76,False
137,32,12,0.441,5.33,cercania,178304,168126,Recomendado por cercania; exp 4 años; distancia 5.33 km; rating 3.45,True
138,54,21,0.279,6.06,calificacion,92894,79003,Recomendado por calificacion; exp 7 años; distancia 6.06 km; rating 3.62,False
139,54,13,0.355,3.58,cercania,92894,72023,Recomendado por cercania; exp 1 años; distancia 3.58 km; rating 4.55,False
140,5,6,0.734,1.48,cercania,81504,96060,Recomendado por cercania; exp 7 años; distancia 1.48 km; rating 3.46,False
141,80,18,0.313,0.55,cercania,154752,184934,Recomendado por cercania; exp 7 años; distancia 0.55 km; rating 4.32,False
142,100,113,0.497,8.14,calificacion,285022,303307,Recomendado por calificacion; exp 4 años; distancia 8.14 km; rating 3.88,True
143,64,76,0.209,2.04,tarifa,90912,86217,Recomendado por tarifa; exp 7 años; distancia 2.04 km; rating 3.73,False
144,16,81,0.351,4.96,tarifa,154876,112478,Recomendado por tarifa; exp 5 años; distancia 4.96 km; rating 3.99,False
145,108,39,0.29,4.1,experiencia,293353,372274,Recomendado por experiencia; exp 11 años; distancia 4.1 km; rating 4.84,False
146,29,46,0.396,4.33,calificacion,130893,135033,Recomendado por calificacion; exp 1 años; distancia 4.33 km; rating 4.04,False
147,68,206,0.417,1.49,tarifa,111371,155286,Recomendado por tarifa; exp 4 años; distancia 1.49 km; rating 5,True
148,37,135,0.556,4.86,experiencia,73907,79084,Recomendado por experiencia; exp 0 años; distancia 4.86 km; rating 4.54,True
149,4,115,0.802,3.7,cercania,230794,215523,Recomendado por cercania; exp 8 años; distancia 3.7 km; rating 3.76,False
150,119,138,0.22,4.53,cercania,108446,82019,Recomendado por cercania; exp 12 años; distancia 4.53 km; rating 4.27,False
151,121,43,0.399,5.03,cercania,105115,132815,Recomendado por cercania; exp 7 años; distancia 5.03 km; rating 4.68,False
152,147,65,0.732,4.69,experiencia,192484,233616,Recomendado por experiencia; exp 6 años; distancia 4.69 km; rating 4.86,False
153,22,37,0.651,2.67,experiencia,125261,100292,Recomendado por experiencia; exp 7 años; distancia 2.67 km; rating 5,False
154,48,201,0.409,2.01,calificacion,565792,777112,Recomendado por calificacion; exp 0 años; distancia 2.01 km; rating 3.57,False
155,34,103,0.474,0.4,cercania,112078,131477,Recomendado por cercania; exp 1 años; distancia 0.4 km; rating 3.96,False
156,99,207,0.255,4.27,experiencia,159316,167175,Recomendado por experiencia; exp 7 años; distancia 4.27 km; rating 4.2,False
157,61,54,0.506,2.76,calificacion,159316,163009,Recomendado por calificacion; exp 10 años; distancia 2.76 km; rating 4.33,False
158,148,76,0.523,1.67,tarifa,184088,193575,Recomendado por tarifa; exp 7 años; distancia 1.67 km; rating 3.73,True
159,72,142,0.314,3.53,experiencia,250499,109326,Recomendado por experiencia; exp 3 años; distancia 3.53 km; rating 3.3,False
160,125,220,0.803,2.13,calificacion,125865,129707,Recomendado por calificacion; exp 9 años; distancia 2.13 km; rating 5,True
161,94,99,0.104,0.24,experiencia,79204,39273,Recomendado por experiencia; exp 8 años; distancia 0.24 km; rating 3.35,False
162,29,40,0.701,1.41,calificacion,130893,122349,Recomendado por calificacion; exp 12 años; distancia 1.41 km; rating 3.84,False
163,142,19,0.153,8.22,experiencia,289732,249079,Recomendado por experiencia; exp 9 años; distancia 8.22 km; rating 4.4,True
164,175,84,0.696,3.22,experiencia,187686,156869,Recomendado por experiencia; exp 14 años; distancia 3.22 km; rating 4.39,False
165,136,135,0.5,5.36,experiencia,79204,86316,Recomendado por experiencia; exp 0 años; distancia 5.36 km; rating 4.54,False
166,26,89,0.303,0.38,experiencia,299500,188397,Recomendado por experiencia; exp 4 años; distancia 0.38 km; rating 4.92,False
167,157,85,0.78,4.02,tarifa,178477,150458,Recomendado por tarifa; exp 15 años; distancia 4.02 km; rating 3.87,False
168,134,143,0.12,4.76,calificacion,343484,283753,Recomendado por calificacion; exp 9 años; distancia 4.76 km; rating 3.09,True
169,65,193,0.595,2.33,cercania,299500,254894,Recomendado por cercania; exp 5 años; distancia 2.33 km; rating 3.4,True
170,106,77,0.649,5.3,experiencia,182843,249599,Recomendado por experiencia; exp 16 años; distancia 5.3 km; rating 4.41,False
171,41,172,0.678,1.98,cercania,112078,123697,Recomendado por cercania; exp 0 años; distancia 1.98 km; rating 3.68,False
172,71,25,0.637,3.8,experiencia,144562,132973,Recomendado por experiencia; exp 2 años; distancia 3.8 km; rating 3.91,False
173,37,87,0.223,3.02,calificacion,73907,71194,Recomendado por calificacion; exp 2 años; distancia 3.02 km; rating 3.89,False
174,161,141,0.279,0.2,cercania,287808,306899,Recomendado por cercania; exp 6 años; distancia 0.2 km; rating 4.05,False
175,157,97,0.624,5.34,calificacion,178477,254072,Recomendado por calificacion; exp 5 años; distancia 5.34 km; rating 4.2,False
176,11,90,0.625,3.81,tarifa,105115,87936,Recomendado por tarifa; exp 2 años; distancia 3.81 km; rating 4.76,False
177,178,206,0.3,3.08,calificacion,154438,126935,Recomendado por calificacion; exp 4 años; distancia 3.08 km; rating 5,False
178,171,166,0.433,5.66,cercania,111371,50165,Recomendado por cercania; exp 5 años; distancia 5.66 km; rating 4.84,False
179,72,215,0.35,2.74,calificacion,250499,200849,Recomendado por calificacion; exp 10 años; distancia 2.74 km; rating 4.4,False
180,65,145,0.747,3.8,experiencia,299500,316742,Recomendado por experiencia; exp 0 años; distancia 3.8 km; rating 4.71,False
181,57,154,0.667,2.53,tarifa,145931,131182,Recomendado por tarifa; exp 7 años; distancia 2.53 km; rating 3.81,False
182,145,131,0.606,0.2,cercania,125261,85951,Recomendado por cercania; exp 2 años; distancia 0.2 km; rating 4.91,False
183,152,205,0.588,4.34,cercania,88868,35777,Recomendado por cercania; exp 6 años; distancia 4.34 km; rating 4.94,False
184,62,127,0.553,0.25,tarifa,86347,69976,Recomendado por tarifa; exp 9 años; distancia 0.25 km; rating 4.79,False
185,11,86,0.386,1.7,cercania,105115,82520,Recomendado por cercania; exp 1 años; distancia 1.7 km; rating 3.41,False
186,161,177,0.175,3.51,experiencia,287808,182411,Recomendado por experiencia; exp 8 años; distancia 3.51 km; rating 4.28,True
187,85,67,0.234,2.46,tarifa,134051,167384,Recomendado por tarifa; exp 5 años; distancia 2.46 km; rating 5,False
188,65,145,0.866,3.76,experiencia,299500,236986,Recomendado por experiencia; exp 0 años; distancia 3.76 km; rating 4.71,False
189,13,129,0.383,2.93,experiencia,182843,219255,Recomendado por experiencia; exp 1 años; distancia 2.93 km; rating 4.63,False
190,141,154,0.352,2.12,experiencia,178477,219142,Recomendado por experiencia; exp 7 años; distancia 2.12 km; rating 3.81,False
191,23,62,0.724,1.52,experiencia,250499,312959,Recomendado por experiencia; exp 7 años; distancia 1.52 km; rating 4.69,False
192,79,37,0.492,3.75,tarifa,230794,217893,Recomendado por tarifa; exp 7 años; distancia 3.75 km; rating 5,False
193,98,55,0.427,2.71,tarifa,154552,214869,Recomendado por tarifa; exp 3 años; distancia 2.71 km; rating 4.5,False
194,41,74,0.61,2.57,calificacion,112078,124302,Recomendado por calificacion; exp 5 años; distancia 2.57 km; rating 4.82,False
195,138,42,0.228,0.53,cercania,184088,226540,Recomendado por cercania; exp 9 años; distancia 0.53 km; rating 4.16,False
196,170,142,0.312,3.67,calificacion,154752,137361,Recomendado por calificacion; exp 3 años; distancia 3.67 km; rating 3.3,False
197,99,38,0.653,4.84,calificacion,159316,105533,Recomendado por calificacion; exp 9 años; distancia 4.84 km; rating 3.31,False
198,22,102,0.194,5.16,experiencia,125261,125141,Recomendado por experiencia; exp 7 años; distancia 5.16 km; rating 5,False
199,71,4,0.729,0.78,experiencia,144562,146928,Recomendado por experiencia; exp 9 años; distancia 0.78 km; rating 3.47,False
200,113,196,0.314,3.42,cercania,261129,227236,Recomendado por cercania; exp 10 años; distancia 3.42 km; rating 3.61,False
201,124,163,0.508,0.82,tarifa,154438,179442,Recomendado por tarifa; exp 12 años; distancia 0.82 km; rating 4.32,False
202,133,130,0.766,0.89,tarifa,184088,219615,Recomendado por tarifa; exp 9 años; distancia 0.89 km; rating 4.6,False
203,94,199,0.465,3.68,experiencia,79204,59267,Recomendado por experiencia; exp 7 años; distancia 3.68 km; rating 5,False
204,92,43,0.775,4.04,experiencia,170973,164993,Recomendado por experiencia; exp 7 años; distancia 4.04 km; rating 4.68,False
205,149,41,0.715,6.67,tarifa,149825,197554,Recomendado por tarifa; exp 3 años; distancia 6.67 km; rating 3.82,False
206,27,201,0.34,3.66,experiencia,178477,150008,Recomendado por experiencia; exp 0 años; distancia 3.66 km; rating 3.57,False
207,148,204,0.499,5.62,tarifa,184088,205058,Recomendado por tarifa; exp 5 años; distancia 5.62 km; rating 5,True
208,44,15,0.122,0.62,calificacion,165807,146293,Recomendado por calificacion; exp 5 años; distancia 0.62 km; rating 4.04,False
209,38,12,0.6,2.7,calificacion,150516,137918,Recomendado por calificacion; exp 4 años; distancia 2.7 km; rating 3.45,False
210,8,180,0.159,0.2,tarifa,149148,175842,Recomendado por tarifa; exp 2 años; distancia 0.2 km; rating 3.99,False
211,116,61,0.345,0.2,tarifa,278930,253963,Recomendado por tarifa; exp 11 años; distancia 0.2 km; rating 4.59,True
212,139,187,0.628,2.91,calificacion,94563,97096,Recomendado por calificacion; exp 6 años; distancia 2.91 km; rating 4.68,False
213,19,43,0.633,0.2,experiencia,170973,158102,Recomendado por experiencia; exp 7 años; distancia 0.2 km; rating 4.68,False
214,46,58,0.545,7.52,calificacion,94563,104575,Recomendado por calificacion; exp 3 años; distancia 7.52 km; rating 4.26,True
215,104,130,0.734,2.08,tarifa,178304,113712,Recomendado por tarifa; exp 9 años; distancia 2.08 km; rating 4.6,False
216,36,137,0.279,3.71,tarifa,155752,186437,Recomendado por tarifa; exp 7 años; distancia 3.71 km; rating 4.33,False
217,128,20,0.334,3.81,cercania,154752,190681,Recomendado por cercania; exp 2 años; distancia 3.81 km; rating 4.62,False
218,25,166,0.254,2.8,cercania,343484,519861,Recomendado por cercania; exp 5 años; distancia 2.8 km; rating 4.84,False
219,25,51,0.1,8.8,calificacion,343484,346190,Recomendado por calificacion; exp 0 años; distancia 8.8 km; rating 3.77,False
220,8,214,0.783,0.65,experiencia,149148,120515,Recomendado por experiencia; exp 2 años; distancia 0.65 km; rating 4.43,False
221,128,31,0.269,2.32,experiencia,154752,131592,Recomendado por experiencia; exp 12 años; distancia 2.32 km; rating 4.9,False
222,147,60,0.773,5.43,experiencia,192484,144990,Recomendado por experiencia; exp 3 años; distancia 5.43 km; rating 5,False
223,114,15,0.696,0.37,cercania,154411,91718,Recomendado por cercania; exp 5 años; distancia 0.37 km; rating 4.04,False
224,80,94,0.572,5.36,experiencia,154752,191499,Recomendado por experiencia; exp 10 años; distancia 5.36 km; rating 5,False
225,128,34,0.828,2.48,tarifa,154752,74083,Recomendado por tarifa; exp 4 años; distancia 2.48 km; rating 4.62,False
226,141,204,0.261,1.33,cercania,178477,209750,Recomendado por cercania; exp 5 años; distancia 1.33 km; rating 5,False
227,94,22,0.291,3.24,tarifa,79204,115650,Recomendado por tarifa; exp 0 años; distancia 3.24 km; rating 4.21,True
228,16,175,0.607,4.64,cercania,154876,76113,Recomendado por cercania; exp 3 años; distancia 4.64 km; rating 4.13,False
229,24,216,0.453,0.52,tarifa,77597,42263,Recomendado por tarifa; exp 9 años; distancia 0.52 km; rating 3.79,False
230,165,101,0.735,2.78,calificacion,144725,163840,Recomendado por calificacion; exp 12 años; distancia 2.78 km; rating 4.72,False
231,110,101,0.201,2.24,cercania,293353,305406,Recomendado por cercania; exp 12 años; distancia 2.24 km; rating 4.72,False
232,124,141,0.629,0.85,cercania,154438,267519,Recomendado por cercania; exp 6 años; distancia 0.85 km; rating 4.05,False
233,11,33,0.566,4.62,experiencia,105115,97727,Recomendado por experiencia; exp 2 años; distancia 4.62 km; rating 4.67,False
234,13,191,0.287,8.14,calificacion,182843,203691,Recomendado por calificacion; exp 10 años; distancia 8.14 km; rating 4.27,False
235,14,154,0.254,2.82,calificacion,145931,101593,Recomendado por calificacion; exp 7 años; distancia 2.82 km; rating 3.81,False
236,12,66,0.708,6.98,calificacion,73907,100176,Recomendado por calificacion; exp 5 años; distancia 6.98 km; rating 4.66,True
237,53,180,0.137,3.77,tarifa,166996,224515,Recomendado por tarifa; exp 2 años; distancia 3.77 km; rating 3.99,False
238,177,21,0.283,3.17,calificacion,93442,92399,Recomendado por calificacion; exp 7 años; distancia 3.17 km; rating 3.62,False
239,100,215,0.445,3.61,experiencia,285022,442757,Recomendado por experiencia; exp 10 años; distancia 3.61 km; rating 4.4,True
240,64,202,0.422,0.97,calificacion,90912,49951,Recomendado por calificacion; exp 9 años; distancia 0.97 km; rating 4.46,False
241,168,87,0.71,2.76,tarifa,93036,94837,Recomendado por tarifa; exp 2 años; distancia 2.76 km; rating 3.89,False
242,49,215,0.181,3.28,tarifa,268451,218003,Recomendado por tarifa; exp 10 años; distancia 3.28 km; rating 4.4,True
243,115,41,0.56,2.26,cercania,147798,125379,Recomendado por cercania; exp 3 años; distancia 2.26 km; rating 3.82,True
244,126,43,0.843,3.72,calificacion,188576,226934,Recomendado por calificacion; exp 7 años; distancia 3.72 km; rating 4.68,False
245,178,142,0.682,2.64,calificacion,154438,185402,Recomendado por calificacion; exp 3 años; distancia 2.64 km; rating 3.3,True
246,31,101,0.818,4.84,tarifa,278930,149093,Recomendado por tarifa; exp 12 años; distancia 4.84 km; rating 4.72,False
247,133,11,0.267,2.06,tarifa,184088,188380,Recomendado por tarifa; exp 2 años; distancia 2.06 km; rating 3.81,False
248,178,18,0.478,3.14,experiencia,154438,207735,Recomendado por experiencia; exp 7 años; distancia 3.14 km; rating 4.32,False
249,11,170,0.254,6.12,experiencia,105115,86949,Recomendado por experiencia; exp 5 años; distancia 6.12 km; rating 4.82,False
250,12,185,0.667,4.15,calificacion,73907,74855,Recomendado por calificacion; exp 2 años; distancia 4.15 km; rating 3.37,False
251,90,111,0.421,3.88,experiencia,287808,386306,Recomendado por experiencia; exp 9 años; distancia 3.88 km; rating 4.29,False
252,130,56,0.424,3.44,tarifa,165807,223335,Recomendado por tarifa; exp 9 años; distancia 3.44 km; rating 4.65,True
253,113,25,0.299,4.5,experiencia,261129,187380,Recomendado por experiencia; exp 2 años; distancia 4.5 km; rating 3.91,True
254,82,10,0.469,3.56,cercania,287229,304201,Recomendado por cercania; exp 5 años; distancia 3.56 km; rating 3.67,False
255,44,129,0.25,2.24,experiencia,165807,182587,Recomendado por experiencia; exp 1 años; distancia 2.24 km; rating 4.63,True
256,1,198,0.524,4.85,experiencia,164500,179113,Recomendado por experiencia; exp 0 años; distancia 4.85 km; rating 4.41,False
257,10,185,0.665,2.62,tarifa,83188,82013,Recomendado por tarifa; exp 2 años; distancia 2.62 km; rating 3.37,False
258,166,101,0.506,2.44,experiencia,293353,392723,Recomendado por experiencia; exp 12 años; distancia 2.44 km; rating 4.72,False
259,157,65,0.458,0.35,experiencia,178477,288143,Recomendado por experiencia; exp 6 años; distancia 0.35 km; rating 4.86,False
260,93,48,0.284,4.75,tarifa,250499,320749,Recomendado por tarifa; exp 0 años; distancia 4.75 km; rating 4.81,False
261,42,75,0.336,2.87,cercania,125999,92575,Recomendado por cercania; exp 4 años; distancia 2.87 km; rating 3.75,False
262,139,74,0.623,4.03,experiencia,94563,93603,Recomendado por experiencia; exp 5 años; distancia 4.03 km; rating 4.82,False
263,108,109,0.727,0.87,tarifa,293353,313081,Recomendado por tarifa; exp 4 años; distancia 0.87 km; rating 3.68,False
264,84,145,0.33,4.65,experiencia,125865,154562,Recomendado por experiencia; exp 0 años; distancia 4.65 km; rating 4.71,False
265,169,199,0.53,0.2,tarifa,93442,59357,Recomendado por tarifa; exp 7 años; distancia 0.2 km; rating 5,False
266,79,58,0.498,1.24,tarifa,230794,271354,Recomendado por tarifa; exp 3 años; distancia 1.24 km; rating 4.26,False
267,160,109,0.471,4.33,experiencia,293353,309483,Recomendado por experiencia; exp 4 años; distancia 4.33 km; rating 3.68,False
268,133,85,0.598,3.92,tarifa,184088,229178,Recomendado por tarifa; exp 15 años; distancia 3.92 km; rating 3.87,False
269,45,80,0.663,6.01,tarifa,169839,163253,Recomendado por tarifa; exp 8 años; distancia 6.01 km; rating 4.81,False
270,51,46,0.704,1.09,experiencia,76825,88248,Recomendado por experiencia; exp 1 años; distancia 1.09 km; rating 4.04,False
271,125,103,0.44,0.39,cercania,125865,91718,Recomendado por cercania; exp 1 años; distancia 0.39 km; rating 3.96,False
272,17,37,0.705,7.46,calificacion,111371,119789,Recomendado por calificacion; exp 7 años; distancia 7.46 km; rating 5,False
273,81,88,0.347,3.33,cercania,278930,317048,Recomendado por cercania; exp 6 años; distancia 3.33 km; rating 4.72,False
274,81,133,0.328,4.8,experiencia,278930,236100,Recomendado por experiencia; exp 7 años; distancia 4.8 km; rating 3.94,False
275,26,193,0.15,5.21,cercania,299500,429730,Recomendado por cercania; exp 5 años; distancia 5.21 km; rating 3.4,False
276,159,135,0.48,4.38,calificacion,111371,140969,Recomendado por calificacion; exp 0 años; distancia 4.38 km; rating 4.54,False
277,64,51,0.426,2.42,cercania,90912,79941,Recomendado por cercania; exp 0 años; distancia 2.42 km; rating 3.77,True
278,98,105,0.186,2.11,calificacion,154552,170790,Recomendado por calificacion; exp 2 años; distancia 2.11 km; rating 4.61,False
279,150,214,0.811,4.76,calificacion,149148,221008,Recomendado por calificacion; exp 2 años; distancia 4.76 km; rating 4.43,False
280,22,123,0.384,3.98,tarifa,125261,132333,Recomendado por tarifa; exp 6 años; distancia 3.98 km; rating 4.67,False
281,29,53,0.583,4.71,cercania,130893,124012,Recomendado por cercania; exp 6 años; distancia 4.71 km; rating 3.83,False
282,127,4,0.744,1.07,calificacion,145931,112153,Recomendado por calificacion; exp 9 años; distancia 1.07 km; rating 3.47,False
283,50,135,0.821,2.54,tarifa,85889,111451,Recomendado por tarifa; exp 0 años; distancia 2.54 km; rating 4.54,False
284,43,38,0.224,1.17,tarifa,236500,162423,Recomendado por tarifa; exp 9 años; distancia 1.17 km; rating 3.31,False
285,70,177,0.546,5.92,calificacion,250499,247678,Recomendado por calificacion; exp 8 años; distancia 5.92 km; rating 4.28,False
286,34,7,0.485,2.96,tarifa,112078,106584,Recomendado por tarifa; exp 4 años; distancia 2.96 km; rating 4.87,False
287,10,87,0.686,2.41,tarifa,83188,65419,Recomendado por tarifa; exp 2 años; distancia 2.41 km; rating 3.89,False
288,88,45,0.493,5.98,tarifa,76825,66079,Recomendado por tarifa; exp 4 años; distancia 5.98 km; rating 4.57,False
289,22,140,0.617,3.73,calificacion,125261,118821,Recomendado por calificacion; exp 5 años; distancia 3.73 km; rating 4.28,False
290,30,30,0.163,4.35,cercania,116445,67501,Recomendado por cercania; exp 7 años; distancia 4.35 km; rating 3.73,True
291,17,46,0.175,1.68,cercania,111371,102431,Recomendado por cercania; exp 1 años; distancia 1.68 km; rating 4.04,True
292,4,107,0.22,4.9,tarifa,230794,172540,Recomendado por tarifa; exp 6 años; distancia 4.9 km; rating 4.22,False
293,85,67,0.312,2.48,cercania,134051,126647,Recomendado por cercania; exp 5 años; distancia 2.48 km; rating 5,False
294,24,18,0.239,0.22,cercania,77597,89661,Recomendado por cercania; exp 7 años; distancia 0.22 km; rating 4.32,False
295,161,114,0.604,4.3,tarifa,287808,412003,Recomendado por tarifa; exp 9 años; distancia 4.3 km; rating 3.96,False
296,48,157,0.814,2.29,cercania,565792,772154,Recomendado por cercania; exp 9 años; distancia 2.29 km; rating 5,False
297,130,5,0.204,7.75,experiencia,165807,219540,Recomendado por experiencia; exp 2 años; distancia 7.75 km; rating 4.15,False
298,180,18,0.661,4.47,experiencia,171848,249114,Recomendado por experiencia; exp 7 años; distancia 4.47 km; rating 4.32,True
299,163,205,0.512,0.73,calificacion,93442,76074,Recomendado por calificacion; exp 6 años; distancia 0.73 km; rating 4.94,False
300,65,145,0.659,2.78,calificacion,299500,207804,Recomendado por calificacion; exp 0 años; distancia 2.78 km; rating 4.71,False
301,42,12,0.673,5.16,cercania,125999,139879,Recomendado por cercania; exp 4 años; distancia 5.16 km; rating 3.45,False
302,111,57,0.386,1.03,cercania,134051,70359,Recomendado por cercania; exp 1 años; distancia 1.03 km; rating 3.79,False
303,93,172,0.133,1.74,calificacion,250499,164899,Recomendado por calificacion; exp 0 años; distancia 1.74 km; rating 3.68,False
304,82,111,0.364,0.71,calificacion,287229,389202,Recomendado por calificacion; exp 9 años; distancia 0.71 km; rating 4.29,False
305,81,116,0.478,4.3,cercania,278930,278673,Recomendado por cercania; exp 7 años; distancia 4.3 km; rating 3.45,False
306,105,97,0.685,4.29,tarifa,125999,106900,Recomendado por tarifa; exp 5 años; distancia 4.29 km; rating 4.2,False
307,119,140,0.386,4.88,cercania,108446,144772,Recomendado por cercania; exp 5 años; distancia 4.88 km; rating 4.28,False
308,82,101,0.403,5.82,cercania,287229,280700,Recomendado por cercania; exp 12 años; distancia 5.82 km; rating 4.72,False
309,170,31,0.289,5.82,cercania,154752,230741,Recomendado por cercania; exp 12 años; distancia 5.82 km; rating 4.9,False
310,39,87,0.409,2.78,calificacion,80352,83940,Recomendado por calificacion; exp 2 años; distancia 2.78 km; rating 3.89,False
311,141,65,0.716,3.32,tarifa,178477,229492,Recomendado por tarifa; exp 6 años; distancia 3.32 km; rating 4.86,False
312,41,188,0.826,3.69,cercania,112078,110180,Recomendado por cercania; exp 2 años; distancia 3.69 km; rating 4.29,False
313,123,98,0.426,4.52,experiencia,176609,218068,Recomendado por experiencia; exp 5 años; distancia 4.52 km; rating 3.7,False
314,4,88,0.388,1.77,tarifa,230794,192211,Recomendado por tarifa; exp 6 años; distancia 1.77 km; rating 4.72,False
315,154,77,0.39,1.2,experiencia,134051,128383,Recomendado por experiencia; exp 16 años; distancia 1.2 km; rating 4.41,False
316,122,28,0.261,4.91,calificacion,93036,95518,Recomendado por calificacion; exp 4 años; distancia 4.91 km; rating 3.95,False
317,81,142,0.506,7.63,calificacion,278930,184501,Recomendado por calificacion; exp 3 años; distancia 7.63 km; rating 3.3,False
318,85,101,0.628,7.23,experiencia,134051,83765,Recomendado por experiencia; exp 12 años; distancia 7.23 km; rating 4.72,False
319,157,63,0.562,3.59,cercania,178477,147340,Recomendado por cercania; exp 7 años; distancia 3.59 km; rating 4.44,False
320,25,118,0.255,3.0,tarifa,343484,223441,Recomendado por tarifa; exp 4 años; distancia 3.0 km; rating 4.6,False
321,69,43,0.677,0.29,calificacion,163243,185322,Recomendado por calificacion; exp 7 años; distancia 0.29 km; rating 4.68,False
322,94,198,0.584,4.4,calificacion,79204,84603,Recomendado por calificacion; exp 0 años; distancia 4.4 km; rating 4.41,False
323,159,151,0.769,0.24,tarifa,111371,92902,Recomendado por tarifa; exp 1 años; distancia 0.24 km; rating 4.4,False
324,155,196,0.217,4.13,cercania,154876,222072,Recomendado por cercania; exp 10 años; distancia 4.13 km; rating 3.61,False
325,16,80,0.318,0.66,tarifa,154876,148128,Recomendado por tarifa; exp 8 años; distancia 0.66 km; rating 4.81,False
326,3,101,0.223,2.92,tarifa,338776,385903,Recomendado por tarifa; exp 12 años; distancia 2.92 km; rating 4.72,True
327,120,192,0.56,3.95,experiencia,285022,263401,Recomendado por experiencia; exp 14 años; distancia 3.95 km; rating 4.0,False
328,81,26,0.189,5.04,tarifa,278930,249219,Recomendado por tarifa; exp 4 años; distancia 5.04 km; rating 3.52,False
329,151,63,0.217,2.84,calificacion,170973,178065,Recomendado por calificacion; exp 7 años; distancia 2.84 km; rating 4.44,False
330,95,42,0.51,1.73,tarifa,139325,190329,Recomendado por tarifa; exp 9 años; distancia 1.73 km; rating 4.16,False
331,102,58,0.142,1.24,calificacion,83188,118244,Recomendado por calificacion; exp 3 años; distancia 1.24 km; rating 4.26,False
332,146,16,0.68,3.5,experiencia,253654,239259,Recomendado por experiencia; exp 2 años; distancia 3.5 km; rating 4.54,False
333,18,18,0.791,4.41,experiencia,125999,157217,Recomendado por experiencia; exp 7 años; distancia 4.41 km; rating 4.32,True
334,93,88,0.7,1.91,tarifa,250499,305443,Recomendado por tarifa; exp 6 años; distancia 1.91 km; rating 4.72,False
335,16,195,0.632,0.2,cercania,154876,189181,Recomendado por cercania; exp 11 años; distancia 0.2 km; rating 5.0,False
336,115,46,0.237,6.3,experiencia,147798,201694,Recomendado por experiencia; exp 1 años; distancia 6.3 km; rating 4.04,True
337,175,199,0.633,5.84,tarifa,187686,197895,Recomendado por tarifa; exp 7 años; distancia 5.84 km; rating 5,True
338,57,47,0.132,7.73,calificacion,145931,117894,Recomendado por calificacion; exp 4 años; distancia 7.73 km; rating 4.34,False
339,163,170,0.361,1.1,cercania,93442,110437,Recomendado por cercania; exp 5 años; distancia 1.1 km; rating 4.82,False
340,179,99,0.495,2.46,experiencia,92894,90838,Recomendado por experiencia; exp 8 años; distancia 2.46 km; rating 3.35,False
341,126,6,0.71,2.52,experiencia,188576,204258,Recomendado por experiencia; exp 7 años; distancia 2.52 km; rating 3.46,False
342,39,180,0.501,5.81,calificacion,80352,81655,Recomendado por calificacion; exp 2 años; distancia 5.81 km; rating 3.99,False
343,131,126,0.615,3.72,calificacion,143669,164006,Recomendado por calificacion; exp 4 años; distancia 3.72 km; rating 4.76,False
344,67,150,0.119,4.2,tarifa,187686,213869,Recomendado por tarifa; exp 11 años; distancia 4.2 km; rating 3.81,False
345,29,17,0.819,2.28,experiencia,130893,140993,Recomendado por experiencia; exp 7 años; distancia 2.28 km; rating 4.47,False
346,146,101,0.784,4.49,calificacion,253654,171285,Recomendado por calificacion; exp 12 años; distancia 4.49 km; rating 4.72,False
347,14,47,0.288,0.79,cercania,145931,115028,Recomendado por cercania; exp 4 años; distancia 0.79 km; rating 4.34,False
348,56,204,0.557,3.76,tarifa,132382,159451,Recomendado por tarifa; exp 5 años; distancia 3.76 km; rating 5,False
349,118,101,0.523,2.04,calificacion,278930,253909,Recomendado por calificacion; exp 12 años; distancia 2.04 km; rating 4.72,False
350,171,76,0.103,3.84,cercania,111371,117590,Recomendado por cercania; exp 7 años; distancia 3.84 km; rating 3.73,False
351,3,78,0.344,4.54,experiencia,338776,308174,Recomendado por experiencia; exp 5 años; distancia 4.54 km; rating 3.67,True
352,95,58,0.607,0.24,calificacion,139325,65835,Recomendado por calificacion; exp 3 años; distancia 0.24 km; rating 4.26,True
353,107,168,0.703,6.4,calificacion,93442,99062,Recomendado por calificacion; exp 0 años; distancia 6.4 km; rating 4.33,True
354,117,199,0.65,3.87,cercania,92894,86880,Recomendado por cercania; exp 7 años; distancia 3.87 km; rating 5,False
355,122,58,0.31,3.85,calificacion,93036,93924,Recomendado por calificacion; exp 3 años; distancia 3.85 km; rating 4.26,False
356,180,202,0.253,5.83,tarifa,171848,197372,Recomendado por tarifa; exp 9 años; distancia 5.83 km; rating 4.46,False
357,8,11,0.357,0.77,cercania,149148,150285,Recomendado por cercania; exp 2 años; distancia 0.77 km; rating 3.81,False
358,12,212,0.232,6.16,calificacion,73907,86114,Recomendado por calificacion; exp 3 años; distancia 6.16 km; rating 3.75,False
359,52,119,0.786,4.57,experiencia,165807,170853,Recomendado por experiencia; exp 9 años; distancia 4.57 km; rating 4.91,False
360,1,211,0.734,5.48,tarifa,164500,178987,Recomendado por tarifa; exp 12 años; distancia 5.48 km; rating 4.73,False
361,13,124,0.452,1.23,tarifa,182843,229383,Recomendado por tarifa; exp 1 años; distancia 1.23 km; rating 4.45,False
362,96,201,0.415,5.63,calificacion,291966,224002,Recomendado por calificacion; exp 0 años; distancia 5.63 km; rating 3.57,False
363,89,138,0.471,3.93,calificacion,82335,100864,Recomendado por calificacion; exp 12 años; distancia 3.93 km; rating 4.27,False
364,38,204,0.644,1.04,tarifa,150516,80689,Recomendado por tarifa; exp 5 años; distancia 1.04 km; rating 5,False
365,111,57,0.286,0.33,calificacion,134051,92342,Recomendado por calificacion; exp 1 años; distancia 0.33 km; rating 3.79,False
366,116,192,0.689,0.2,calificacion,278930,253244,Recomendado por calificacion; exp 14 años; distancia 0.2 km; rating 4.0,False
367,161,34,0.721,0.97,experiencia,287808,235639,Recomendado por experiencia; exp 4 años; distancia 0.97 km; rating 4.62,False
368,147,43,0.676,6.51,tarifa,192484,180321,Recomendado por tarifa; exp 7 años; distancia 6.51 km; rating 4.68,True
369,108,26,0.4,5.5,cercania,293353,287872,Recomendado por cercania; exp 4 años; distancia 5.5 km; rating 3.52,False
370,141,158,0.558,6.07,calificacion,178477,152509,Recomendado por calificacion; exp 3 años; distancia 6.07 km; rating 4.26,False
371,84,116,0.509,1.09,tarifa,125865,116409,Recomendado por tarifa; exp 7 años; distancia 1.09 km; rating 3.45,False
372,90,177,0.163,0.2,tarifa,287808,353419,Recomendado por tarifa; exp 8 años; distancia 0.2 km; rating 4.28,True
373,178,34,0.851,2.11,cercania,154438,74612,Recomendado por cercania; exp 4 años; distancia 2.11 km; rating 4.62,False
374,19,133,0.72,3.1,cercania,170973,214550,Recomendado por cercania; exp 7 años; distancia 3.1 km; rating 3.94,False
375,49,1,0.261,4.67,cercania,268451,274169,Recomendado por cercania; exp 2 años; distancia 4.67 km; rating 4.2,True
376,116,26,0.344,1.34,calificacion,278930,309835,Recomendado por calificacion; exp 4 años; distancia 1.34 km; rating 3.52,False
377,96,64,0.814,2.08,cercania,291966,387664,Recomendado por cercania; exp 12 años; distancia 2.08 km; rating 4.6,False
378,9,113,0.625,2.79,tarifa,289732,306208,Recomendado por tarifa; exp 4 años; distancia 2.79 km; rating 3.88,False
379,26,167,0.391,1.95,tarifa,299500,202968,Recomendado por tarifa; exp 5 años; distancia 1.95 km; rating 4.34,False
380,98,11,0.1,6.28,calificacion,154552,139441,Recomendado por calificacion; exp 2 años; distancia 6.28 km; rating 3.81,False
381,22,78,0.754,2.49,tarifa,125261,76247,Recomendado por tarifa; exp 5 años; distancia 2.49 km; rating 3.67,False
382,87,78,0.296,1.21,tarifa,144542,119893,Recomendado por tarifa; exp 5 años; distancia 1.21 km; rating 3.67,False
383,106,67,0.802,4.05,cercania,182843,184391,Recomendado por cercania; exp 5 años; distancia 4.05 km; rating 5,False
384,114,56,0.623,0.77,tarifa,154411,153850,Recomendado por tarifa; exp 9 años; distancia 0.77 km; rating 4.65,False
385,138,154,0.21,2.75,tarifa,184088,149376,Recomendado por tarifa; exp 7 años; distancia 2.75 km; rating 3.81,True
386,116,61,0.607,3.35,tarifa,278930,263113,Recomendado por tarifa; exp 11 años; distancia 3.35 km; rating 4.59,True
387,40,215,0.295,5.03,tarifa,542500,614718,Recomendado por tarifa; exp 10 años; distancia 5.03 km; rating 4.4,False
388,168,58,0.296,3.08,calificacion,93036,86137,Recomendado por calificacion; exp 3 años; distancia 3.08 km; rating 4.26,False
389,150,180,0.631,3.29,cercania,149148,189229,Recomendado por cercania; exp 2 años; distancia 3.29 km; rating 3.99,True
390,36,63,0.57,2.71,tarifa,155752,61645,Recomendado por tarifa; exp 7 años; distancia 2.71 km; rating 4.44,False
391,179,99,0.511,5.42,cercania,92894,96541,Recomendado por cercania; exp 8 años; distancia 5.42 km; rating 3.35,False
392,9,49,0.1,0.2,cercania,289732,333656,Recomendado por cercania; exp 8 años; distancia 0.2 km; rating 3.63,False
393,171,118,0.298,0.65,experiencia,111371,116628,Recomendado por experiencia; exp 4 años; distancia 0.65 km; rating 4.6,True
394,42,12,0.338,0.33,calificacion,125999,106062,Recomendado por calificacion; exp 4 años; distancia 0.33 km; rating 3.45,False
395,123,15,0.475,5.87,cercania,176609,164863,Recomendado por cercania; exp 5 años; distancia 5.87 km; rating 4.04,False
396,60,80,0.687,3.64,cercania,187686,207739,Recomendado por cercania; exp 8 años; distancia 3.64 km; rating 4.81,False
397,131,7,0.562,5.25,cercania,143669,178274,Recomendado por cercania; exp 4 años; distancia 5.25 km; rating 4.87,False
398,36,134,0.619,6.49,experiencia,155752,118826,Recomendado por experiencia; exp 6 años; distancia 6.49 km; rating 4.16,False
399,123,170,0.594,3.28,cercania,176609,203085,Recomendado por cercania; exp 5 años; distancia 3.28 km; rating 4.82,True
400,33,165,0.449,5.07,cercania,338776,452143,Recomendado por cercania; exp 0 años; distancia 5.07 km; rating 4.34,False
401,64,203,0.466,3.08,experiencia,90912,47427,Recomendado por experiencia; exp 8 años; distancia 3.08 km; rating 4.81,False
402,105,11,0.359,3.01,tarifa,125999,116670,Recomendado por tarifa; exp 2 años; distancia 3.01 km; rating 3.81,True
403,172,190,0.514,4.81,experiencia,93442,83642,Recomendado por experiencia; exp 10 años; distancia 4.81 km; rating 3.92,False
404,33,157,0.773,0.35,experiencia,338776,239826,Recomendado por experiencia; exp 9 años; distancia 0.35 km; rating 5,False
405,134,99,0.494,2.21,tarifa,343484,344094,Recomendado por tarifa; exp 8 años; distancia 2.21 km; rating 3.35,True
406,22,42,0.355,3.08,calificacion,125261,116411,Recomendado por calificacion; exp 9 años; distancia 3.08 km; rating 4.16,False
407,88,90,0.812,4.41,tarifa,76825,54395,Recomendado por tarifa; exp 2 años; distancia 4.41 km; rating 4.76,False
408,99,187,0.582,1.47,experiencia,159316,74310,Recomendado por experiencia; exp 6 años; distancia 1.47 km; rating 4.68,False
409,24,178,0.588,5.44,cercania,77597,73887,Recomendado por cercania; exp 4 años; distancia 5.44 km; rating 5,False
410,69,108,0.252,4.9,calificacion,163243,124412,Recomendado por calificacion; exp 7 años; distancia 4.9 km; rating 3.99,False
411,145,53,0.685,2.01,tarifa,125261,147076,Recomendado por tarifa; exp 6 años; distancia 2.01 km; rating 3.83,False
412,154,167,0.588,2.38,experiencia,134051,115098,Recomendado por experiencia; exp 5 años; distancia 2.38 km; rating 4.34,False
413,177,68,0.682,4.12,calificacion,93442,126497,Recomendado por calificacion; exp 3 años; distancia 4.12 km; rating 4.83,False
414,119,193,0.671,4.49,experiencia,108446,147040,Recomendado por experiencia; exp 5 años; distancia 4.49 km; rating 3.4,False
415,163,205,0.727,0.82,calificacion,93442,135079,Recomendado por calificacion; exp 6 años; distancia 0.82 km; rating 4.94,False
416,124,80,0.393,5.02,calificacion,154438,136820,Recomendado por calificacion; exp 8 años; distancia 5.02 km; rating 4.81,False
417,65,68,0.798,6.58,cercania,299500,270858,Recomendado por cercania; exp 3 años; distancia 6.58 km; rating 4.83,True
418,66,179,0.569,2.88,calificacion,154411,187581,Recomendado por calificacion; exp 12 años; distancia 2.88 km; rating 4.18,False
419,108,40,0.56,2.44,tarifa,293353,499626,Recomendado por tarifa; exp 12 años; distancia 2.44 km; rating 3.84,False
420,122,136,0.23,2.24,calificacion,93036,100689,Recomendado por calificacion; exp 6 años; distancia 2.24 km; rating 3.7,False
421,14,14,0.544,3.92,calificacion,145931,121837,Recomendado por calificacion; exp 5 años; distancia 3.92 km; rating 4.47,True
422,25,213,0.638,2.49,cercania,343484,354851,Recomendado por cercania; exp 0 años; distancia 2.49 km; rating 4.51,True
423,87,82,0.316,2.68,calificacion,144542,170740,Recomendado por calificacion; exp 0 años; distancia 2.68 km; rating 4.27,False
424,91,107,0.345,4.47,experiencia,134051,168756,Recomendado por experiencia; exp 6 años; distancia 4.47 km; rating 4.22,True
425,99,66,0.304,2.64,calificacion,159316,157380,Recomendado por calificacion; exp 5 años; distancia 2.64 km; rating 4.66,False
426,32,13,0.362,3.05,experiencia,178304,223817,Recomendado por experiencia; exp 1 años; distancia 3.05 km; rating 4.55,False
427,57,80,0.396,4.15,tarifa,145931,162765,Recomendado por tarifa; exp 8 años; distancia 4.15 km; rating 4.81,False
428,60,55,0.465,4.18,experiencia,187686,148305,Recomendado por experiencia; exp 3 años; distancia 4.18 km; rating 4.5,False
429,99,206,0.766,3.0,experiencia,159316,150718,Recomendado por experiencia; exp 4 años; distancia 3.0 km; rating 5,False
430,126,155,0.326,3.6,tarifa,188576,132905,Recomendado por tarifa; exp 3 años; distancia 3.6 km; rating 3.61,False
431,100,215,0.245,1.73,cercania,285022,302192,Recomendado por cercania; exp 10 años; distancia 1.73 km; rating 4.4,False
432,179,170,0.285,0.47,calificacion,92894,121332,Recomendado por calificacion; exp 5 años; distancia 0.47 km; rating 4.82,False
433,71,49,0.358,2.07,tarifa,144562,69133,Recomendado por tarifa; exp 8 años; distancia 2.07 km; rating 3.63,False
434,176,214,0.497,3.12,cercania,166996,231519,Recomendado por cercania; exp 2 años; distancia 3.12 km; rating 4.43,False
435,89,123,0.66,1.3,tarifa,82335,98602,Recomendado por tarifa; exp 6 años; distancia 1.3 km; rating 4.67,True
436,66,145,0.897,3.26,tarifa,154411,190967,Recomendado por tarifa; exp 0 años; distancia 3.26 km; rating 4.71,True
437,57,212,0.638,0.2,tarifa,145931,107143,Recomendado por tarifa; exp 3 años; distancia 0.2 km; rating 3.75,False
438,59,32,0.652,2.69,cercania,149825,128595,Recomendado por cercania; exp 8 años; distancia 2.69 km; rating 5,False
439,135,92,0.71,1.41,calificacion,112078,118856,Recomendado por calificacion; exp 1 años; distancia 1.41 km; rating 4.09,False
440,48,65,0.235,1.98,cercania,565792,611796,Recomendado por cercania; exp 6 años; distancia 1.98 km; rating 4.86,False
441,147,60,0.51,2.46,experiencia,192484,245169,Recomendado por experiencia; exp 3 años; distancia 2.46 km; rating 5,False
442,51,198,0.249,2.83,experiencia,76825,69848,Recomendado por experiencia; exp 0 años; distancia 2.83 km; rating 4.41,False
443,119,218,0.23,3.22,experiencia,108446,65092,Recomendado por experiencia; exp 5 años; distancia 3.22 km; rating 3.74,False
444,3,111,0.469,5.1,cercania,338776,224885,Recomendado por cercania; exp 9 años; distancia 5.1 km; rating 4.29,False
445,15,134,0.259,3.42,experiencia,125261,132653,Recomendado por experiencia; exp 6 años; distancia 3.42 km; rating 4.16,False
446,156,150,0.263,1.55,experiencia,144732,131623,Recomendado por experiencia; exp 11 años; distancia 1.55 km; rating 3.81,False
447,64,73,0.143,0.87,tarifa,90912,61540,Recomendado por tarifa; exp 0 años; distancia 0.87 km; rating 4.13,True
448,74,102,0.69,0.72,tarifa,164500,155884,Recomendado por tarifa; exp 7 años; distancia 0.72 km; rating 5,False
449,120,142,0.465,4.75,tarifa,285022,261786,Recomendado por tarifa; exp 3 años; distancia 4.75 km; rating 3.3,False
450,135,172,0.154,4.97,cercania,112078,160055,Recomendado por cercania; exp 0 años; distancia 4.97 km; rating 3.68,False
451,154,150,0.752,3.54,tarifa,134051,120139,Recomendado por tarifa; exp 11 años; distancia 3.54 km; rating 3.81,False
452,96,8,0.153,2.47,tarifa,291966,336609,Recomendado por tarifa; exp 11 años; distancia 2.47 km; rating 4.09,False
453,38,97,0.62,5.34,calificacion,150516,100663,Recomendado por calificacion; exp 5 años; distancia 5.34 km; rating 4.2,False
454,37,22,0.239,6.51,tarifa,73907,50515,Recomendado por tarifa; exp 0 años; distancia 6.51 km; rating 4.21,False
455,120,88,0.449,4.65,cercania,285022,231477,Recomendado por cercania; exp 6 años; distancia 4.65 km; rating 4.72,False
456,38,210,0.449,2.41,calificacion,150516,137115,Recomendado por calificacion; exp 0 años; distancia 2.41 km; rating 4.69,False
457,99,209,0.357,3.56,tarifa,159316,147752,Recomendado por tarifa; exp 8 años; distancia 3.56 km; rating 4.22,True
458,123,15,0.775,2.21,experiencia,176609,199765,Recomendado por experiencia; exp 5 años; distancia 2.21 km; rating 4.04,True
459,26,82,0.211,2.91,experiencia,299500,203405,Recomendado por experiencia; exp 0 años; distancia 2.91 km; rating 4.27,False
460,96,8,0.535,1.29,calificacion,291966,312948,Recomendado por calificacion; exp 11 años; distancia 1.29 km; rating 4.09,False
461,73,129,0.218,5.29,tarifa,145931,159772,Recomendado por tarifa; exp 1 años; distancia 5.29 km; rating 4.63,False
462,111,181,0.623,6.39,cercania,134051,147172,Recomendado por cercania; exp 1 años; distancia 6.39 km; rating 4.81,False
463,40,215,0.426,0.88,calificacion,542500,680871,Recomendado por calificacion; exp 10 años; distancia 0.88 km; rating 4.4,True
464,51,37,0.348,1.81,cercania,76825,66486,Recomendado por cercania; exp 7 años; distancia 1.81 km; rating 5,False
465,35,34,0.725,1.86,experiencia,154438,166868,Recomendado por experiencia; exp 4 años; distancia 1.86 km; rating 4.62,False
466,146,74,0.868,4.37,experiencia,253654,251032,Recomendado por experiencia; exp 5 años; distancia 4.37 km; rating 4.82,False
467,68,151,0.813,3.32,experiencia,111371,92316,Recomendado por experiencia; exp 1 años; distancia 3.32 km; rating 4.4,False
468,127,24,0.77,4.94,calificacion,145931,165423,Recomendado por calificacion; exp 9 años; distancia 4.94 km; rating 4.61,False
469,67,203,0.722,0.91,calificacion,187686,152280,Recomendado por calificacion; exp 8 años; distancia 0.91 km; rating 4.81,False
470,84,197,0.581,4.69,calificacion,125865,165358,Recomendado por calificacion; exp 2 años; distancia 4.69 km; rating 3.75,False
471,63,85,0.305,3.85,calificacion,147350,111280,Recomendado por calificacion; exp 15 años; distancia 3.85 km; rating 3.87,False
472,104,11,0.691,4.61,cercania,178304,167135,Recomendado por cercania; exp 2 años; distancia 4.61 km; rating 3.81,False
473,143,65,0.864,3.79,tarifa,338776,289422,Recomendado por tarifa; exp 6 años; distancia 3.79 km; rating 4.86,False
474,26,191,0.39,0.94,calificacion,299500,296664,Recomendado por calificacion; exp 10 años; distancia 0.94 km; rating 4.27,False
475,63,74,0.604,0.49,calificacion,147350,84686,Recomendado por calificacion; exp 5 años; distancia 0.49 km; rating 4.82,False
476,15,139,0.395,1.23,cercania,125261,143826,Recomendado por cercania; exp 4 años; distancia 1.23 km; rating 4.1,False
477,95,40,0.811,2.18,tarifa,139325,176899,Recomendado por tarifa; exp 12 años; distancia 2.18 km; rating 3.84,False
478,104,85,0.538,3.96,experiencia,178304,148600,Recomendado por experiencia; exp 15 años; distancia 3.96 km; rating 3.87,False
479,154,129,0.189,0.26,cercania,134051,97682,Recomendado por cercania; exp 1 años; distancia 0.26 km; rating 4.63,False
480,3,46,0.15,0.74,experiencia,338776,314016,Recomendado por experiencia; exp 1 años; distancia 0.74 km; rating 4.04,False
481,1,176,0.879,3.47,calificacion,164500,184273,Recomendado por calificacion; exp 7 años; distancia 3.47 km; rating 4.68,False
482,180,128,0.224,2.57,calificacion,171848,155959,Recomendado por calificacion; exp 7 años; distancia 2.57 km; rating 3.64,False
483,10,187,0.19,3.49,experiencia,83188,86108,Recomendado por experiencia; exp 6 años; distancia 3.49 km; rating 4.68,False
484,101,163,0.544,5.09,cercania,343484,415532,Recomendado por cercania; exp 12 años; distancia 5.09 km; rating 4.32,False
485,73,25,0.249,5.51,cercania,145931,165694,Recomendado por cercania; exp 2 años; distancia 5.51 km; rating 3.91,False
486,58,83,0.514,6.83,tarifa,149825,164466,Recomendado por tarifa; exp 5 años; distancia 6.83 km; rating 4.17,False
487,92,194,0.719,1.99,tarifa,170973,229336,Recomendado por tarifa; exp 3 años; distancia 1.99 km; rating 4.36,False
488,61,90,0.513,2.31,experiencia,159316,135633,Recomendado por experiencia; exp 2 años; distancia 2.31 km; rating 4.76,True
489,16,208,0.818,3.8,experiencia,154876,139412,Recomendado por experiencia; exp 7 años; distancia 3.8 km; rating 3.91,True
490,19,120,0.617,3.39,tarifa,170973,106293,Recomendado por tarifa; exp 8 años; distancia 3.39 km; rating 4.91,False
491,32,213,0.493,0.2,calificacion,178304,94388,Recomendado por calificacion; exp 0 años; distancia 0.2 km; rating 4.51,False
492,54,109,0.366,1.94,calificacion,92894,74521,Recomendado por calificacion; exp 4 años; distancia 1.94 km; rating 3.68,True
493,9,215,0.285,3.92,tarifa,289732,245691,Recomendado por tarifa; exp 10 años; distancia 3.92 km; rating 4.4,False
494,102,95,0.627,0.5,tarifa,83188,95097,Recomendado por tarifa; exp 11 años; distancia 0.5 km; rating 4.38,False
495,146,218,0.195,4.63,calificacion,253654,370698,Recomendado por calificacion; exp 5 años; distancia 4.63 km; rating 3.74,False
496,125,106,0.274,5.48,tarifa,125865,178281,Recomendado por tarifa; exp 8 años; distancia 5.48 km; rating 4.38,False
497,52,93,0.581,0.2,calificacion,165807,200918,Recomendado por calificacion; exp 3 años; distancia 0.2 km; rating 4.91,False
498,96,112,0.578,5.3,experiencia,291966,293407,Recomendado por experiencia; exp 10 años; distancia 5.3 km; rating 3.0,False
499,86,189,0.491,2.71,experiencia,164276,204714,Recomendado por experiencia; exp 5 años; distancia 2.71 km; rating 3.74,False
500,11,102,0.355,5.61,tarifa,105115,97265,Recomendado por tarifa; exp 7 años; distancia 5.61 km; rating 5,True
501,86,9,0.671,0.65,tarifa,164276,195993,Recomendado por tarifa; exp 12 años; distancia 0.65 km; rating 4.47,False
502,107,102,0.321,5.35,calificacion,93442,76996,Recomendado por calificacion; exp 7 años; distancia 5.35 km; rating 5,False
503,58,140,0.757,2.61,experiencia,149825,228433,Recomendado por experiencia; exp 5 años; distancia 2.61 km; rating 4.28,False
504,149,79,0.325,2.85,experiencia,149825,151955,Recomendado por experiencia; exp 6 años; distancia 2.85 km; rating 4.24,False
505,116,48,0.835,1.31,calificacion,278930,323517,Recomendado por calificacion; exp 0 años; distancia 1.31 km; rating 4.81,False
506,140,99,0.491,7.01,calificacion,74315,78151,Recomendado por calificacion; exp 8 años; distancia 7.01 km; rating 3.35,False
507,170,17,0.483,0.37,calificacion,154752,155829,Recomendado por calificacion; exp 7 años; distancia 0.37 km; rating 4.47,False
508,61,129,0.532,1.34,experiencia,159316,146072,Recomendado por experiencia; exp 1 años; distancia 1.34 km; rating 4.63,True
509,110,19,0.497,2.29,cercania,293353,341805,Recomendado por cercania; exp 9 años; distancia 2.29 km; rating 4.4,True
510,67,72,0.386,1.36,tarifa,187686,129154,Recomendado por tarifa; exp 9 años; distancia 1.36 km; rating 3.93,False
511,42,75,0.233,6.79,cercania,125999,168006,Recomendado por cercania; exp 4 años; distancia 6.79 km; rating 3.75,True
512,40,26,0.276,3.1,calificacion,542500,533666,Recomendado por calificacion; exp 4 años; distancia 3.1 km; rating 3.52,False
513,30,181,0.763,1.77,tarifa,116445,145686,Recomendado por tarifa; exp 1 años; distancia 1.77 km; rating 4.81,False
514,124,80,0.267,3.42,experiencia,154438,119097,Recomendado por experiencia; exp 8 años; distancia 3.42 km; rating 4.81,False
515,49,116,0.653,6.02,cercania,268451,231867,Recomendado por cercania; exp 7 años; distancia 6.02 km; rating 3.45,False
516,42,18,0.618,1.67,experiencia,125999,158044,Recomendado por experiencia; exp 7 años; distancia 1.67 km; rating 4.32,False
517,162,110,0.669,6.85,tarifa,135771,148150,Recomendado por tarifa; exp 11 años; distancia 6.85 km; rating 4.99,True
518,132,130,0.635,3.3,cercania,542500,628131,Recomendado por cercania; exp 9 años; distancia 3.3 km; rating 4.6,False
519,59,164,0.375,0.93,calificacion,149825,135184,Recomendado por calificacion; exp 4 años; distancia 0.93 km; rating 4.77,False
520,11,10,0.367,2.83,calificacion,105115,105776,Recomendado por calificacion; exp 5 años; distancia 2.83 km; rating 3.67,False
521,107,190,0.664,5.76,cercania,93442,40801,Recomendado por cercania; exp 10 años; distancia 5.76 km; rating 3.92,True
522,25,183,0.458,0.38,tarifa,343484,324668,Recomendado por tarifa; exp 3 años; distancia 0.38 km; rating 3.65,False
523,142,177,0.738,3.07,calificacion,289732,253244,Recomendado por calificacion; exp 8 años; distancia 3.07 km; rating 4.28,False
524,138,204,0.29,2.5,calificacion,184088,189930,Recomendado por calificacion; exp 5 años; distancia 2.5 km; rating 5,False
525,36,107,0.273,6.05,tarifa,155752,25000,Recomendado por tarifa; exp 6 años; distancia 6.05 km; rating 4.22,False
526,136,86,0.267,4.53,cercania,79204,86934,Recomendado por cercania; exp 1 años; distancia 4.53 km; rating 3.41,True
527,73,105,0.284,3.35,cercania,145931,160722,Recomendado por cercania; exp 2 años; distancia 3.35 km; rating 4.61,False
528,25,74,0.296,3.2,experiencia,343484,268790,Recomendado por experiencia; exp 5 años; distancia 3.2 km; rating 4.82,False
529,21,84,0.664,4.65,cercania,155752,165962,Recomendado por cercania; exp 14 años; distancia 4.65 km; rating 4.39,False
530,141,213,0.318,0.29,calificacion,178477,146553,Recomendado por calificacion; exp 0 años; distancia 0.29 km; rating 4.51,True
531,104,173,0.737,4.57,cercania,178304,162066,Recomendado por cercania; exp 10 años; distancia 4.57 km; rating 4.25,False
532,69,36,0.783,3.58,cercania,163243,177010,Recomendado por cercania; exp 7 años; distancia 3.58 km; rating 3.86,True
533,123,11,0.458,1.14,calificacion,176609,184641,Recomendado por calificacion; exp 2 años; distancia 1.14 km; rating 3.81,True
534,144,86,0.525,4.06,cercania,187686,201726,Recomendado por cercania; exp 1 años; distancia 4.06 km; rating 3.41,False
535,5,175,0.26,3.62,experiencia,81504,112855,Recomendado por experiencia; exp 3 años; distancia 3.62 km; rating 4.13,False
536,2,219,0.667,1.42,experiencia,164500,159772,Recomendado por experiencia; exp 5 años; distancia 1.42 km; rating 4.1,False
537,61,26,0.309,0.51,calificacion,159316,182777,Recomendado por calificacion; exp 4 años; distancia 0.51 km; rating 3.52,False
538,104,130,0.32,0.77,cercania,178304,209212,Recomendado por cercania; exp 9 años; distancia 0.77 km; rating 4.6,False
539,66,179,0.548,3.99,calificacion,154411,154584,Recomendado por calificacion; exp 12 años; distancia 3.99 km; rating 4.18,False
540,148,42,0.809,4.04,experiencia,184088,128354,Recomendado por experiencia; exp 9 años; distancia 4.04 km; rating 4.16,True
541,11,42,0.575,6.31,tarifa,105115,104608,Recomendado por tarifa; exp 9 años; distancia 6.31 km; rating 4.16,True
542,56,65,0.599,5.53,cercania,132382,121463,Recomendado por cercania; exp 6 años; distancia 5.53 km; rating 4.86,False
543,4,138,0.241,4.06,cercania,230794,255214,Recomendado por cercania; exp 12 años; distancia 4.06 km; rating 4.27,False
544,84,172,0.264,1.25,experiencia,125865,152142,Recomendado por experiencia; exp 0 años; distancia 1.25 km; rating 3.68,False
545,38,55,0.626,2.01,experiencia,150516,166088,Recomendado por experiencia; exp 3 años; distancia 2.01 km; rating 4.5,False
546,71,154,0.455,3.15,cercania,144562,145417,Recomendado por cercania; exp 7 años; distancia 3.15 km; rating 3.81,False
547,16,162,0.237,1.67,calificacion,154876,150902,Recomendado por calificacion; exp 5 años; distancia 1.67 km; rating 4.62,True
548,72,39,0.758,2.7,cercania,250499,255165,Recomendado por cercania; exp 11 años; distancia 2.7 km; rating 4.84,False
549,90,61,0.639,1.65,calificacion,287808,225930,Recomendado por calificacion; exp 11 años; distancia 1.65 km; rating 4.59,False
550,100,49,0.731,3.75,cercania,285022,327571,Recomendado por cercania; exp 8 años; distancia 3.75 km; rating 3.63,False
551,166,113,0.478,1.39,experiencia,293353,436080,Recomendado por experiencia; exp 4 años; distancia 1.39 km; rating 3.88,True
552,95,193,0.705,2.97,calificacion,139325,155208,Recomendado por calificacion; exp 5 años; distancia 2.97 km; rating 3.4,False
553,6,12,0.209,0.79,calificacion,184088,144902,Recomendado por calificacion; exp 4 años; distancia 0.79 km; rating 3.45,False
554,63,220,0.829,4.61,experiencia,147350,109461,Recomendado por experiencia; exp 9 años; distancia 4.61 km; rating 5,False
555,136,2,0.614,3.24,tarifa,79204,82375,Recomendado por tarifa; exp 5 años; distancia 3.24 km; rating 3.17,False
556,1,176,0.409,3.33,tarifa,164500,182974,Recomendado por tarifa; exp 7 años; distancia 3.33 km; rating 4.68,False
557,70,133,0.716,3.63,calificacion,250499,310825,Recomendado por calificacion; exp 7 años; distancia 3.63 km; rating 3.94,True
558,121,155,0.136,3.5,calificacion,105115,123699,Recomendado por calificacion; exp 3 años; distancia 3.5 km; rating 3.61,False
559,62,190,0.792,2.28,cercania,86347,99777,Recomendado por cercania; exp 10 años; distancia 2.28 km; rating 3.92,False
560,27,130,0.77,4.15,experiencia,178477,158789,Recomendado por experiencia; exp 9 años; distancia 4.15 km; rating 4.6,False
561,137,163,0.777,5.71,tarifa,139129,162290,Recomendado por tarifa; exp 12 años; distancia 5.71 km; rating 4.32,False
562,57,36,0.313,3.18,tarifa,145931,162076,Recomendado por tarifa; exp 7 años; distancia 3.18 km; rating 3.86,True
563,72,142,0.185,1.14,calificacion,250499,214315,Recomendado por calificacion; exp 3 años; distancia 1.14 km; rating 3.3,False
564,157,13,0.575,4.26,experiencia,178477,197251,Recomendado por experiencia; exp 1 años; distancia 4.26 km; rating 4.55,True
565,177,43,0.608,0.2,cercania,93442,84716,Recomendado por cercania; exp 7 años; distancia 0.2 km; rating 4.68,False
566,126,81,0.184,4.18,experiencia,188576,94072,Recomendado por experiencia; exp 5 años; distancia 4.18 km; rating 3.99,False
567,72,1,0.366,1.34,tarifa,250499,276153,Recomendado por tarifa; exp 2 años; distancia 1.34 km; rating 4.2,False
568,43,30,0.517,2.61,calificacion,236500,70765,Recomendado por calificacion; exp 7 años; distancia 2.61 km; rating 3.73,False
569,41,85,0.269,2.74,experiencia,112078,66719,Recomendado por experiencia; exp 15 años; distancia 2.74 km; rating 3.87,False
570,76,111,0.545,5.03,cercania,277058,305479,Recomendado por cercania; exp 9 años; distancia 5.03 km; rating 4.29,True
571,53,123,0.329,0.2,tarifa,166996,105376,Recomendado por tarifa; exp 6 años; distancia 0.2 km; rating 4.67,True
572,17,54,0.431,2.76,experiencia,111371,111936,Recomendado por experiencia; exp 10 años; distancia 2.76 km; rating 4.33,False
573,108,26,0.133,4.01,tarifa,293353,315171,Recomendado por tarifa; exp 4 años; distancia 4.01 km; rating 3.52,True
574,59,46,0.534,2.75,calificacion,149825,194990,Recomendado por calificacion; exp 1 años; distancia 2.75 km; rating 4.04,False
575,41,217,0.373,2.26,experiencia,112078,95557,Recomendado por experiencia; exp 4 años; distancia 2.26 km; rating 3.14,False
576,114,119,0.838,1.9,cercania,154411,202686,Recomendado por cercania; exp 9 años; distancia 1.9 km; rating 4.91,False
577,76,101,0.262,3.32,cercania,277058,200379,Recomendado por cercania; exp 12 años; distancia 3.32 km; rating 4.72,False
578,33,21,0.773,3.39,cercania,338776,469185,Recomendado por cercania; exp 7 años; distancia 3.39 km; rating 3.62,False
579,102,209,0.178,0.2,experiencia,83188,66674,Recomendado por experiencia; exp 8 años; distancia 0.2 km; rating 4.22,False
580,60,63,0.785,3.04,cercania,187686,202803,Recomendado por cercania; exp 7 años; distancia 3.04 km; rating 4.44,False
581,142,19,0.324,1.68,calificacion,289732,365955,Recomendado por calificacion; exp 9 años; distancia 1.68 km; rating 4.4,False
582,46,23,0.299,0.5,experiencia,94563,114773,Recomendado por experiencia; exp 6 años; distancia 0.5 km; rating 5,False
583,23,114,0.404,4.29,cercania,250499,304705,Recomendado por cercania; exp 9 años; distancia 4.29 km; rating 3.96,False
584,83,162,0.768,3.82,cercania,192509,225779,Recomendado por cercania; exp 5 años; distancia 3.82 km; rating 4.62,True
585,3,8,0.747,3.49,cercania,338776,210632,Recomendado por cercania; exp 11 años; distancia 3.49 km; rating 4.09,True
586,43,50,0.82,4.13,cercania,236500,255568,Recomendado por cercania; exp 11 años; distancia 4.13 km; rating 4.46,False
587,138,154,0.586,0.57,cercania,184088,242591,Recomendado por cercania; exp 7 años; distancia 0.57 km; rating 3.81,False
588,91,129,0.819,2.28,calificacion,134051,145471,Recomendado por calificacion; exp 1 años; distancia 2.28 km; rating 4.63,False
589,67,72,0.47,6.15,tarifa,187686,231426,Recomendado por tarifa; exp 9 años; distancia 6.15 km; rating 3.93,False
590,134,25,0.28,5.18,cercania,343484,473395,Recomendado por cercania; exp 2 años; distancia 5.18 km; rating 3.91,False
591,121,10,0.1,0.76,cercania,105115,103791,Recomendado por cercania; exp 5 años; distancia 0.76 km; rating 3.67,True
592,67,86,0.103,0.95,calificacion,187686,234031,Recomendado por calificacion; exp 1 años; distancia 0.95 km; rating 3.41,False
593,104,76,0.192,1.65,calificacion,178304,165698,Recomendado por calificacion; exp 7 años; distancia 1.65 km; rating 3.73,False
594,83,144,0.735,1.99,tarifa,192509,153497,Recomendado por tarifa; exp 2 años; distancia 1.99 km; rating 4.5,False
595,142,172,0.344,5.18,experiencia,289732,309713,Recomendado por experiencia; exp 0 años; distancia 5.18 km; rating 3.68,False
596,158,116,0.751,1.19,experiencia,285022,301609,Recomendado por experiencia; exp 7 años; distancia 1.19 km; rating 3.45,True
597,16,108,0.711,4.47,calificacion,154876,70723,Recomendado por calificacion; exp 7 años; distancia 4.47 km; rating 3.99,False
598,32,210,0.139,0.69,calificacion,178304,159511,Recomendado por calificacion; exp 0 años; distancia 0.69 km; rating 4.69,False
599,165,93,0.774,0.83,experiencia,144725,132677,Recomendado por experiencia; exp 3 años; distancia 0.83 km; rating 4.91,False
600,97,101,0.373,2.28,experiencia,299500,294673,Recomendado por experiencia; exp 12 años; distancia 2.28 km; rating 4.72,False
601,37,132,0.265,1.77,calificacion,73907,63393,Recomendado por calificacion; exp 10 años; distancia 1.77 km; rating 4.4,False
602,41,30,0.627,3.1,calificacion,112078,141284,Recomendado por calificacion; exp 7 años; distancia 3.1 km; rating 3.73,False
603,136,99,0.631,3.39,cercania,79204,95810,Recomendado por cercania; exp 8 años; distancia 3.39 km; rating 3.35,False
604,11,205,0.599,0.72,experiencia,105115,145459,Recomendado por experiencia; exp 6 años; distancia 0.72 km; rating 4.94,False
605,96,99,0.369,3.39,experiencia,291966,275978,Recomendado por experiencia; exp 8 años; distancia 3.39 km; rating 3.35,False
606,95,107,0.265,1.76,cercania,139325,133280,Recomendado por cercania; exp 6 años; distancia 1.76 km; rating 4.22,False
607,121,90,0.777,1.74,cercania,105115,148660,Recomendado por cercania; exp 2 años; distancia 1.74 km; rating 4.76,False
608,28,144,0.548,3.17,calificacion,154876,214656,Recomendado por calificacion; exp 2 años; distancia 3.17 km; rating 4.5,False
609,35,196,0.519,0.62,calificacion,154438,116368,Recomendado por calificacion; exp 10 años; distancia 0.62 km; rating 3.61,True
610,176,12,0.199,4.66,experiencia,166996,165499,Recomendado por experiencia; exp 4 años; distancia 4.66 km; rating 3.45,False
611,91,101,0.406,3.73,cercania,134051,111263,Recomendado por cercania; exp 12 años; distancia 3.73 km; rating 4.72,False
612,57,26,0.601,3.3,tarifa,145931,131050,Recomendado por tarifa; exp 4 años; distancia 3.3 km; rating 3.52,False
613,32,120,0.236,8.2,cercania,178304,214625,Recomendado por cercania; exp 8 años; distancia 8.2 km; rating 4.91,False
614,51,166,0.431,3.42,experiencia,76825,95971,Recomendado por experiencia; exp 5 años; distancia 3.42 km; rating 4.84,True
615,105,209,0.203,3.78,tarifa,125999,128728,Recomendado por tarifa; exp 8 años; distancia 3.78 km; rating 4.22,False
616,84,119,0.698,7.2,cercania,125865,170998,Recomendado por cercania; exp 9 años; distancia 7.2 km; rating 4.91,True
617,48,64,0.13,5.94,cercania,565792,126565,Recomendado por cercania; exp 12 años; distancia 5.94 km; rating 4.6,False
618,107,21,0.415,0.63,cercania,93442,79747,Recomendado por cercania; exp 7 años; distancia 0.63 km; rating 3.62,False
619,97,143,0.178,0.2,calificacion,299500,319718,Recomendado por calificacion; exp 9 años; distancia 0.2 km; rating 3.09,False
620,153,40,0.652,7.23,experiencia,82335,71255,Recomendado por experiencia; exp 12 años; distancia 7.23 km; rating 3.84,False
621,157,201,0.1,0.64,cercania,178477,255105,Recomendado por cercania; exp 0 años; distancia 0.64 km; rating 3.57,False
622,135,96,0.353,4.29,tarifa,112078,126798,Recomendado por tarifa; exp 3 años; distancia 4.29 km; rating 5,False
623,7,149,0.169,7.36,experiencia,79204,130917,Recomendado por experiencia; exp 5 años; distancia 7.36 km; rating 4.17,False
624,156,181,0.381,3.89,calificacion,144732,166214,Recomendado por calificacion; exp 1 años; distancia 3.89 km; rating 4.81,False
625,24,96,0.745,5.82,calificacion,77597,65506,Recomendado por calificacion; exp 3 años; distancia 5.82 km; rating 5,True
626,138,85,0.38,3.55,cercania,184088,179126,Recomendado por cercania; exp 15 años; distancia 3.55 km; rating 3.87,False
627,87,78,0.368,1.0,cercania,144542,146278,Recomendado por cercania; exp 5 años; distancia 1.0 km; rating 3.67,False
628,25,39,0.808,2.95,cercania,343484,252953,Recomendado por cercania; exp 11 años; distancia 2.95 km; rating 4.84,False
629,15,193,0.338,4.42,cercania,125261,105641,Recomendado por cercania; exp 5 años; distancia 4.42 km; rating 3.4,False
630,7,90,0.398,4.25,experiencia,79204,97187,Recomendado por experiencia; exp 2 años; distancia 4.25 km; rating 4.76,True
631,45,36,0.174,2.95,tarifa,169839,208570,Recomendado por tarifa; exp 7 años; distancia 2.95 km; rating 3.86,False
632,47,167,0.708,0.93,tarifa,134051,117156,Recomendado por tarifa; exp 5 años; distancia 0.93 km; rating 4.34,False
633,165,82,0.698,1.16,calificacion,144725,72980,Recomendado por calificacion; exp 0 años; distancia 1.16 km; rating 4.27,False
634,11,21,0.117,3.21,tarifa,105115,160999,Recomendado por tarifa; exp 7 años; distancia 3.21 km; rating 3.62,False
635,88,90,0.84,3.31,experiencia,76825,114988,Recomendado por experiencia; exp 2 años; distancia 3.31 km; rating 4.76,False
636,55,48,0.251,1.31,cercania,287229,208835,Recomendado por cercania; exp 0 años; distancia 1.31 km; rating 4.81,False
637,116,172,0.129,2.06,calificacion,278930,189632,Recomendado por calificacion; exp 0 años; distancia 2.06 km; rating 3.68,False
638,149,30,0.239,3.54,cercania,149825,120801,Recomendado por cercania; exp 7 años; distancia 3.54 km; rating 3.73,False
639,116,49,0.619,1.96,tarifa,278930,258048,Recomendado por tarifa; exp 8 años; distancia 1.96 km; rating 3.63,False
640,147,126,0.732,5.0,tarifa,192484,141056,Recomendado por tarifa; exp 4 años; distancia 5.0 km; rating 4.76,True
641,134,99,0.439,5.14,experiencia,343484,462292,Recomendado por experiencia; exp 8 años; distancia 5.14 km; rating 3.35,True
642,145,37,0.823,2.05,experiencia,125261,177049,Recomendado por experiencia; exp 7 años; distancia 2.05 km; rating 5,False
643,49,26,0.644,4.38,calificacion,268451,375675,Recomendado por calificacion; exp 4 años; distancia 4.38 km; rating 3.52,False
644,111,158,0.17,1.68,cercania,134051,100732,Recomendado por cercania; exp 3 años; distancia 1.68 km; rating 4.26,False
645,122,46,0.664,2.2,cercania,93036,99996,Recomendado por cercania; exp 1 años; distancia 2.2 km; rating 4.04,False
646,45,36,0.593,1.25,experiencia,169839,264460,Recomendado por experiencia; exp 7 años; distancia 1.25 km; rating 3.86,False
647,170,129,0.489,0.49,cercania,154752,87741,Recomendado por cercania; exp 1 años; distancia 0.49 km; rating 4.63,False
648,73,2,0.583,7.05,cercania,145931,90231,Recomendado por cercania; exp 5 años; distancia 7.05 km; rating 3.17,False
649,178,154,0.688,1.63,experiencia,154438,195370,Recomendado por experiencia; exp 7 años; distancia 1.63 km; rating 3.81,False
650,92,196,0.277,2.05,tarifa,170973,130130,Recomendado por tarifa; exp 10 años; distancia 2.05 km; rating 3.61,False
